{
    "vertices":[-0,3.61968,-0.409801,-0.079948,3.61968,-0.401926,-0.156824,3.61968,-0.378606,-0.227673,3.61968,-0.340737,-0.289773,3.61968,-0.289773,-0.340737,3.61968,-0.227673,-0.378606,3.61968,-0.156824,-0.401926,3.61968,-0.079948,-0.409801,3.61968,-0,0,0.089937,-0,-0.401926,3.61968,0.079948,-0.378606,3.61968,0.156824,-0.340737,3.61968,0.227673,-0.289773,3.61968,0.289772,-0.227673,3.61968,0.340736,-0.156824,3.61968,0.378606,-0.079948,3.61968,0.401926,-0,3.61968,0.4098,0.079948,3.61968,0.401926,0.156824,3.61968,0.378606,0.227673,3.61968,0.340736,0.289773,3.61968,0.289772,0.340736,3.61968,0.227673,0.378606,3.61968,0.156823,0.401926,3.61968,0.079948,0.4098,3.61968,-1e-06,0.401926,3.61968,-0.079949,0.378606,3.61968,-0.156824,0.340736,3.61968,-0.227674,0.289772,3.61968,-0.289773,0.227672,3.61968,-0.340737,0.156823,3.61968,-0.378607,0.079947,3.61968,-0.401926,-0.382683,5.92474,-0,-0.707107,5.70797,-0,-0.92388,5.38354,-0,-1,5.00086,-0,-0.92388,4.61818,-0,-0.707107,4.29375,-0,-0.382683,4.07698,-0,-0.270598,5.92474,-0.270598,-0.5,5.70797,-0.5,-0.653282,5.38354,-0.653282,-0.707107,5.00086,-0.707107,-0.653282,4.61818,-0.653282,-0.5,4.29375,-0.5,-0.270598,4.07698,-0.270598,-0,5.92474,-0.382684,-0,5.70797,-0.707107,-0,5.38354,-0.92388,-0,5.00086,-1,-0,4.61818,-0.92388,-0,4.29375,-0.707107,-0,4.07698,-0.382683,-0,6.00086,-0,0.270598,5.92474,-0.270598,0.5,5.70797,-0.5,0.653281,5.38354,-0.653282,0.707106,5.00086,-0.707107,0.653281,4.61818,-0.653282,0.5,4.29375,-0.5,0.270598,4.07698,-0.270598,0.382683,5.92474,-0,0.707106,5.70797,-0,0.923879,5.38354,-0,1,5.00086,-0,0.923879,4.61818,-0,0.707106,4.29375,-0,0.382683,4.07698,-0,-0,4.00086,-0,0.270598,5.92474,0.270598,0.5,5.70797,0.5,0.653281,5.38354,0.653281,0.707106,5.00086,0.707106,0.653281,4.61818,0.653281,0.5,4.29375,0.5,0.270598,4.07698,0.270598,-0,5.92474,0.382683,-0,5.70797,0.707106,-0,5.38354,0.923879,-0,5.00086,0.999999,-0,4.61818,0.923879,-0,4.29375,0.707106,-0,4.07698,0.382683,-0.270598,5.92474,0.270598,-0.5,5.70797,0.5,-0.653281,5.38354,0.653281,-0.707107,5.00086,0.707106,-0.653281,4.61818,0.653281,-0.5,4.29375,0.5,-0.270598,4.07698,0.270598],
    "name":"SphereGeometry.2",
    "faces":[32,0,9,1,0,1,2,32,1,9,2,2,1,3,32,2,9,3,3,1,4,32,3,9,4,4,1,5,32,4,9,5,5,1,6,32,5,9,6,6,1,7,32,6,9,7,7,1,8,32,7,9,8,8,1,9,32,8,9,10,9,1,10,32,10,9,11,10,1,11,32,11,9,12,11,1,12,32,12,9,13,12,1,13,32,13,9,14,13,1,14,32,14,9,15,14,1,15,32,15,9,16,15,1,16,32,16,9,17,16,1,17,32,17,9,18,17,1,18,32,18,9,19,18,1,19,32,19,9,20,19,1,20,32,20,9,21,20,1,21,32,21,9,22,21,1,22,32,22,9,23,22,1,23,32,23,9,24,23,1,24,32,24,9,25,24,1,25,32,25,9,26,25,1,26,32,26,9,27,26,1,27,32,27,9,28,27,1,28,32,28,9,29,28,1,29,32,29,9,30,29,1,30,32,30,9,31,30,1,31,32,31,9,32,31,1,32,32,32,9,0,32,1,0,32,32,0,1,32,0,2,32,1,2,3,2,3,4,32,3,4,5,4,5,6,32,5,6,7,6,7,8,32,7,8,10,8,9,10,32,10,11,12,10,11,12,32,12,13,14,12,13,14,32,14,15,16,14,15,16,32,16,17,18,16,17,18,32,18,19,20,18,19,20,32,20,21,22,20,21,22,32,22,23,24,22,23,24,32,24,25,26,24,25,26,32,26,27,28,26,27,28,32,28,29,30,28,29,30,32,30,31,32,30,31,32,32,32,1,3,32,2,4,32,3,5,7,4,6,8,32,7,10,12,8,10,12,32,12,14,16,12,14,16,32,16,18,20,16,18,20,32,20,22,24,20,22,24,32,24,26,28,24,26,28,32,28,30,32,28,30,32,32,32,3,7,32,4,8,32,7,12,16,8,12,16,32,16,20,24,16,20,24,32,24,28,32,24,28,32,32,32,7,16,32,8,16,32,16,24,32,16,24,32,33,37,36,43,44,33,34,35,36,33,35,34,41,42,37,38,39,40,32,33,54,40,41,42,43,32,69,39,46,44,45,46,33,38,37,44,45,47,33,36,48,33,36,35,42,43,34,37,40,35,33,34,33,40,41,38,41,43,39,33,39,38,45,46,45,47,48,46,32,69,46,53,44,46,49,33,45,44,51,52,48,36,50,51,33,43,42,49,50,35,40,52,53,33,41,40,47,48,39,43,54,55,33,46,45,52,53,46,48,51,49,33,44,43,50,51,36,35,53,50,33,42,41,48,49,40,39,55,52,32,40,54,47,43,42,54,33,48,47,55,56,55,54,56,57,33,53,52,60,61,49,51,58,59,33,51,50,58,59,50,53,60,61,33,49,48,56,57,52,55,57,62,32,47,54,55,54,42,56,32,69,53,61,44,49,59,33,52,51,59,60,51,50,61,58,33,50,49,57,58,53,52,62,60,33,61,60,67,68,59,58,63,64,33,59,58,65,66,61,60,65,66,33,57,56,63,64,62,57,67,68,32,55,54,62,56,42,69,32,69,61,68,44,59,64,33,60,59,66,67,58,61,66,63,33,58,57,64,65,60,62,68,65,33,56,55,62,63,57,56,69,67,32,62,54,70,69,42,70,32,69,68,76,44,64,71,33,67,66,74,75,63,66,72,73,33,65,64,72,73,65,68,74,75,33,63,62,70,71,67,69,70,76,33,68,67,75,76,64,63,73,71,33,66,65,73,74,66,65,75,72,33,64,63,71,72,68,67,76,74,33,75,74,81,82,73,72,77,78,33,73,72,79,80,75,74,79,80,33,71,70,77,78,76,70,81,82,33,76,75,82,83,71,73,78,83,33,74,73,80,81,72,75,80,77,33,72,71,78,79,74,76,82,79,32,70,54,77,70,42,81,32,69,76,83,44,71,83,33,83,82,89,90,83,78,84,85,33,81,80,87,88,77,80,86,87,33,79,78,85,86,79,82,88,89,32,77,54,84,81,42,90,32,69,83,90,44,83,85,33,82,81,88,89,78,77,87,84,33,80,79,86,87,80,79,89,86,33,78,77,84,85,82,81,90,88,33,88,87,36,37,87,86,34,33,33,86,85,34,35,89,88,38,37,32,84,54,33,90,42,41,32,69,90,39,44,85,45,33,89,88,37,38,84,87,33,47,33,87,86,35,36,86,89,37,34,33,85,84,33,34,88,90,41,38,33,90,89,38,39,85,84,47,45],
    "metadata":{
        "vertices":91,
        "type":"Geometry",
        "version":3,
        "generator":"io_three",
        "faces":126,
        "normals":91
    },
    "normals":[0,-0.766045,-0.64275,-6.1e-05,0,1,-0.149449,-0.751305,-0.64275,-0.29313,-0.707724,-0.64275,-0.425581,-0.636921,-0.64275,-0.541673,-0.541673,-0.64275,-0.636921,-0.425581,-0.64275,-0.707724,-0.29313,-0.64275,-0.751305,-0.149449,-0.64275,-0.766045,0,-0.64275,-0.751305,0.149449,-0.64275,-0.707724,0.29313,-0.64275,-0.636921,0.425581,-0.64275,-0.541673,0.541673,-0.64275,-0.425581,0.636921,-0.64275,-0.29313,0.707724,-0.64275,-0.149449,0.751305,-0.64275,0,0.766045,-0.64275,0.149449,0.751305,-0.64275,0.29313,0.707724,-0.64275,0.425581,0.636921,-0.64275,0.541673,0.541673,-0.64275,0.636921,0.425581,-0.64275,0.707724,0.29313,-0.64275,0.751305,0.149419,-0.64275,0.766045,0,-0.64275,0.751305,-0.149449,-0.64275,0.707724,-0.29313,-0.64275,0.636921,-0.425581,-0.64275,0.541673,-0.541673,-0.64275,0.425581,-0.636921,-0.64275,0.29313,-0.707724,-0.64275,0.149419,-0.751305,-0.64275,-0.930296,0,0.366771,-1,0,-0,-0.707083,-0.707083,-0,-0.657796,-0.657796,0.366771,-0.930296,0,-0.366771,-0.729606,0,-0.683828,-0.515915,-0.515915,-0.683828,-0.657796,-0.657796,-0.366771,-0.422559,0,-0.906308,0,0,-1,-0.298807,-0.298807,-0.906308,0,0,1,-0.422559,0,0.906308,-0.298807,-0.298807,0.906308,-0.729606,0,0.683828,-0.515915,-0.515915,0.683828,0,-0.422559,0.906308,0,-0.930296,0.366771,0,-0.729606,0.683828,0,-0.930296,-0.366771,0,-1,-0,0,-0.422559,-0.906308,0,-0.729606,-0.683828,0.298807,-0.298807,-0.906308,0.515915,-0.515915,-0.683828,0.515915,-0.515915,0.683828,0.298807,-0.298807,0.906308,0.707083,-0.707083,-0,0.657796,-0.657796,0.366771,0.657796,-0.657796,-0.366771,0.729606,0,0.683828,0.422559,0,0.906308,1,0,-0,0.930296,0,0.366771,0.729606,0,-0.683828,0.930296,0,-0.366771,0.422559,0,-0.906308,0.298807,0.298807,-0.906308,0.298807,0.298807,0.906308,0.657796,0.657796,0.366771,0.515915,0.515915,0.683828,0.657796,0.657796,-0.366771,0.707083,0.707083,-0,0.515915,0.515915,-0.683828,0,0.930296,0.366771,0,0.729606,0.683828,0,0.930296,-0.366771,0,1,-0,0,0.422559,-0.906308,0,0.729606,-0.683828,0,0.422559,0.906308,-0.515915,0.515915,0.683828,-0.298807,0.298807,0.906308,-0.707083,0.707083,-0,-0.657796,0.657796,0.366771,-0.515915,0.515915,-0.683828,-0.657796,0.657796,-0.366771,-0.298807,0.298807,-0.906308]
}